what,kind,bundleId,bundleVersion,description,time
started,bundle,org.eclipse.update.core,3.2.400.v20100512,"org.eclipse.update.core",1284650263197
started,bundle,org.eclipse.update.scheduler,3.2.300.v20100512,"org.eclipse.update.scheduler",1284650263197
os,sysinfo,,,"win32",1284650263201
arch,sysinfo,,,"x86",1284650263201
ws,sysinfo,,,"win32",1284650263201
locale,sysinfo,,,"en_US",1284650263201
processors,sysinfo,,,"2",1284650263201
java.runtime.name,sysinfo,,,"Java(TM) SE Runtime Environment",1284650263201
java.runtime.version,sysinfo,,,"1.6.0_19-b04",1284650263201
java.specification.name,sysinfo,,,"Java Platform API Specification",1284650263201
java.specification.vendor,sysinfo,,,"Sun Microsystems Inc.",1284650263201
java.specification.version,sysinfo,,,"1.6",1284650263201
java.vendor,sysinfo,,,"Sun Microsystems Inc.",1284650263201
java.version,sysinfo,,,"1.6.0_19",1284650263201
java.vm.info,sysinfo,,,"mixed mode, sharing",1284650263201
java.vm.name,sysinfo,,,"Java HotSpot(TM) Client VM",1284650263201
java.vm.specification.name,sysinfo,,,"Java Virtual Machine Specification",1284650263201
java.vm.specification.vendor,sysinfo,,,"Sun Microsystems Inc.",1284650263201
java.vm.specification.version,sysinfo,,,"1.0",1284650263201
java.vm.vendor,sysinfo,,,"Sun Microsystems Inc.",1284650263201
java.vm.version,sysinfo,,,"16.2-b04",1284650263201
started,bundle,org.eclipse.cdt.managedbuilder.ui,7.0.0.201006141710,"org.eclipse.cdt.managedbuilder.ui",1284650271389
started,bundle,org.eclipse.cdt.managedbuilder.gnu.ui,7.0.0.201006141710,"org.eclipse.cdt.managedbuilder.gnu.ui",1284650271700
started,bundle,de.innot.avreclipse.core,2.3.4.20100807PRD,"de.innot.avreclipse.core",1284650272272
deactivated,workbench,org.eclipse.ui.workbench,3.6.0.I20100603-1100,"",1284650274306
started,bundle,org.eclipse.core.variables,3.2.400.v20100505,"org.eclipse.core.variables",1284650293226
started,bundle,org.eclipse.debug.core,3.6.0.v20100519,"org.eclipse.debug.core",1284650293406
executed,command,org.eclipse.ui,3.6.0.I20100603-1100,"org.eclipse.ui.edit.paste",1284650513975
executed,command,org.eclipse.ui,3.6.0.I20100603-1100,"org.eclipse.ui.edit.paste",1284650520953
executed,command,org.eclipse.ui,3.6.0.I20100603-1100,"org.eclipse.ui.edit.copy",1284650524225
executed,command,org.eclipse.ui,3.6.0.I20100603-1100,"org.eclipse.ui.edit.paste",1284650527521
executed,command,org.eclipse.ui,3.6.0.I20100603-1100,"org.eclipse.ui.edit.paste",1284650546668
executed,command,org.eclipse.ui,3.6.0.I20100603-1100,"org.eclipse.ui.edit.paste",1284650549487
activated,workbench,org.eclipse.ui.workbench,3.6.0.I20100603-1100,"",1284650579070
started,bundle,org.eclipse.search,3.6.0.v20100520-0800,"org.eclipse.search",1284650580789
started,bundle,org.eclipse.compare,3.5.100.I20100526-0800,"org.eclipse.compare",1284650580866
deactivated,workbench,org.eclipse.ui.workbench,3.6.0.I20100603-1100,"",1284650582705
activated,workbench,org.eclipse.ui.workbench,3.6.0.I20100603-1100,"",1284650588559
executed,command,org.eclipse.ui,3.6.0.I20100603-1100,"org.eclipse.ui.file.properties",1284650588595
activated,view,org.eclipse.ui.ide,3.6.0.I20100601-0800,"org.eclipse.ui.views.ProblemView",1284650588769
activated,view,org.eclipse.ui.navigator.resources,3.4.200.I20100601-0800,"org.eclipse.ui.navigator.ProjectExplorer",1284650590144
deactivated,workbench,org.eclipse.ui.workbench,3.6.0.I20100603-1100,"",1284650594250
activated,workbench,org.eclipse.ui.workbench,3.6.0.I20100603-1100,"",1284650595290
deactivated,workbench,org.eclipse.ui.workbench,3.6.0.I20100603-1100,"",1284650595985
activated,workbench,org.eclipse.ui.workbench,3.6.0.I20100603-1100,"",1284650605152
deactivated,workbench,org.eclipse.ui.workbench,3.6.0.I20100603-1100,"",1284650619044
activated,workbench,org.eclipse.ui.workbench,3.6.0.I20100603-1100,"",1284650620496
opened,view,org.eclipse.ui.console,3.5.0.v20100526,"org.eclipse.ui.console.ConsoleView",1284650627561
activated,view,org.eclipse.ui.console,3.5.0.v20100526,"org.eclipse.ui.console.ConsoleView",1284650627582
activated,view,org.eclipse.ui.navigator.resources,3.4.200.I20100601-0800,"org.eclipse.ui.navigator.ProjectExplorer",1284650630584
activated,view,org.eclipse.ui.console,3.5.0.v20100526,"org.eclipse.ui.console.ConsoleView",1284650637895
started,bundle,org.eclipse.compare.core,3.5.100.I20100526-0800,"org.eclipse.compare.core",1284650639436
opened,editor,org.eclipse.cdt.ui,5.2.0.201006141710,"org.eclipse.cdt.ui.editor.CEditor",1284650639490
activated,editor,org.eclipse.cdt.ui,5.2.0.201006141710,"org.eclipse.cdt.ui.editor.CEditor",1284650639661
activated,view,org.eclipse.ui.ide,3.6.0.I20100601-0800,"org.eclipse.ui.views.ProblemView",1284650648371
activated,editor,org.eclipse.cdt.ui,5.2.0.201006141710,"org.eclipse.cdt.ui.editor.CEditor",1284650657392
executed,command,org.eclipse.ui,3.6.0.I20100603-1100,"org.eclipse.ui.edit.copy",1284650688010
deactivated,workbench,org.eclipse.ui.workbench,3.6.0.I20100603-1100,"",1284650688889
activated,workbench,org.eclipse.ui.workbench,3.6.0.I20100603-1100,"",1284650703404
activated,view,org.eclipse.ui.navigator.resources,3.4.200.I20100601-0800,"org.eclipse.ui.navigator.ProjectExplorer",1284650706097
deactivated,workbench,org.eclipse.ui.workbench,3.6.0.I20100603-1100,"",1284650707313
activated,workbench,org.eclipse.ui.workbench,3.6.0.I20100603-1100,"",1284650724185
executed,command,org.eclipse.ui,3.6.0.I20100603-1100,"org.eclipse.ui.file.properties",1284650724259
activated,editor,org.eclipse.cdt.ui,5.2.0.201006141710,"org.eclipse.cdt.ui.editor.CEditor",1284650754311
activated,view,org.eclipse.ui.navigator.resources,3.4.200.I20100601-0800,"org.eclipse.ui.navigator.ProjectExplorer",1284650756582
activated,editor,org.eclipse.cdt.ui,5.2.0.201006141710,"org.eclipse.cdt.ui.editor.CEditor",1284650757714
activated,view,org.eclipse.ui.navigator.resources,3.4.200.I20100601-0800,"org.eclipse.ui.navigator.ProjectExplorer",1284650760415
activated,editor,org.eclipse.cdt.ui,5.2.0.201006141710,"org.eclipse.cdt.ui.editor.CEditor",1284650760871
activated,view,org.eclipse.ui.navigator.resources,3.4.200.I20100601-0800,"org.eclipse.ui.navigator.ProjectExplorer",1284650761710
activated,editor,org.eclipse.cdt.ui,5.2.0.201006141710,"org.eclipse.cdt.ui.editor.CEditor",1284650762520
activated,view,org.eclipse.ui.navigator.resources,3.4.200.I20100601-0800,"org.eclipse.ui.navigator.ProjectExplorer",1284650764958
activated,editor,org.eclipse.cdt.ui,5.2.0.201006141710,"org.eclipse.cdt.ui.editor.CEditor",1284650769160
executed,command,org.eclipse.cdt.ui,5.2.0.201006141710,"org.eclipse.cdt.ui.edit.opendecl",1284650772177
started,bundle,org.eclipse.cdt.debug.core,7.0.0.201006141710,"org.eclipse.cdt.debug.core",1284650772353
started,bundle,org.eclipse.debug.ui,3.6.0.v20100601-1530,"org.eclipse.debug.ui",1284650772817
started,bundle,org.eclipse.cdt.debug.ui,7.0.0.201006141710,"org.eclipse.cdt.debug.ui",1284650772826
opened,editor,org.eclipse.cdt.ui,5.2.0.201006141710,"org.eclipse.cdt.ui.editor.CEditor",1284650772992
activated,editor,org.eclipse.cdt.ui,5.2.0.201006141710,"org.eclipse.cdt.ui.editor.CEditor",1284650773243
activated,editor,org.eclipse.cdt.ui,5.2.0.201006141710,"org.eclipse.cdt.ui.editor.CEditor",1284650776259
closed,editor,org.eclipse.cdt.ui,5.2.0.201006141710,"org.eclipse.cdt.ui.editor.CEditor",1284650780076
started,bundle,org.eclipse.cdt.mylyn.ui,1.1.2.v20100608-0100-e3x,"org.eclipse.cdt.mylyn.ui",1284650780106
activated,view,org.eclipse.ui.ide,3.6.0.I20100601-0800,"org.eclipse.ui.views.ProblemView",1284650785915
activated,editor,org.eclipse.cdt.ui,5.2.0.201006141710,"org.eclipse.cdt.ui.editor.CEditor",1284650791970
activated,view,org.eclipse.ui.navigator.resources,3.4.200.I20100601-0800,"org.eclipse.ui.navigator.ProjectExplorer",1284650803792
opened,editor,org.eclipse.cdt.ui,5.2.0.201006141710,"org.eclipse.cdt.ui.editor.CEditor",1284650804091
activated,editor,org.eclipse.cdt.ui,5.2.0.201006141710,"org.eclipse.cdt.ui.editor.CEditor",1284650804206
deactivated,workbench,org.eclipse.ui.workbench,3.6.0.I20100603-1100,"",1284650811320
activated,workbench,org.eclipse.ui.workbench,3.6.0.I20100603-1100,"",1284650811382
deactivated,workbench,org.eclipse.ui.workbench,3.6.0.I20100603-1100,"",1284650811403
activated,workbench,org.eclipse.ui.workbench,3.6.0.I20100603-1100,"",1284650815320
deactivated,workbench,org.eclipse.ui.workbench,3.6.0.I20100603-1100,"",1284650815671
activated,workbench,org.eclipse.ui.workbench,3.6.0.I20100603-1100,"",1284650821805
activated,editor,org.eclipse.cdt.ui,5.2.0.201006141710,"org.eclipse.cdt.ui.editor.CEditor",1284650833672
activated,view,org.eclipse.ui.console,3.5.0.v20100526,"org.eclipse.ui.console.ConsoleView",1284650846068
activated,view,org.eclipse.ui.navigator.resources,3.4.200.I20100601-0800,"org.eclipse.ui.navigator.ProjectExplorer",1284650856217
deactivated,workbench,org.eclipse.ui.workbench,3.6.0.I20100603-1100,"",1284650857864
activated,workbench,org.eclipse.ui.workbench,3.6.0.I20100603-1100,"",1284650876804
executed,command,org.eclipse.ui,3.6.0.I20100603-1100,"org.eclipse.ui.file.properties",1284650876873
activated,view,org.eclipse.ui.console,3.5.0.v20100526,"org.eclipse.ui.console.ConsoleView",1284650878781
activated,editor,org.eclipse.cdt.ui,5.2.0.201006141710,"org.eclipse.cdt.ui.editor.CEditor",1284650919021
activated,view,org.eclipse.ui.navigator.resources,3.4.200.I20100601-0800,"org.eclipse.ui.navigator.ProjectExplorer",1284650921104
deactivated,workbench,org.eclipse.ui.workbench,3.6.0.I20100603-1100,"",1284650922978
error,log,,,"Unhandled event loop exception",1284650932036
error,log,,,"Unhandled event loop exception",1284650933554
error,log,,,"Unhandled event loop exception",1284650934330
error,log,,,"Unhandled event loop exception",1284650934545
activated,workbench,org.eclipse.ui.workbench,3.6.0.I20100603-1100,"",1284651001783
executed,command,org.eclipse.ui,3.6.0.I20100603-1100,"org.eclipse.ui.file.properties",1284651001841
activated,view,org.eclipse.ui.ide,3.6.0.I20100601-0800,"org.eclipse.ui.views.ProblemView",1284651016978
activated,view,org.eclipse.ui.navigator.resources,3.4.200.I20100601-0800,"org.eclipse.ui.navigator.ProjectExplorer",1284651024554
deactivated,workbench,org.eclipse.ui.workbench,3.6.0.I20100603-1100,"",1284651031214
activated,workbench,org.eclipse.ui.workbench,3.6.0.I20100603-1100,"",1284651060134
deactivated,workbench,org.eclipse.ui.workbench,3.6.0.I20100603-1100,"",1284651070150
opened,editor,org.eclipse.cdt.ui,5.2.0.201006141710,"org.eclipse.cdt.ui.editor.CEditor",1284651075656
activated,editor,org.eclipse.cdt.ui,5.2.0.201006141710,"org.eclipse.cdt.ui.editor.CEditor",1284651075741
activated,workbench,org.eclipse.ui.workbench,3.6.0.I20100603-1100,"",1284651075762
deactivated,workbench,org.eclipse.ui.workbench,3.6.0.I20100603-1100,"",1284651078885
activated,workbench,org.eclipse.ui.workbench,3.6.0.I20100603-1100,"",1284651087539
executed,command,org.eclipse.ui,3.6.0.I20100603-1100,"org.eclipse.ui.edit.paste",1284651088693
executed,command,org.eclipse.ui,3.6.0.I20100603-1100,"org.eclipse.ui.file.save",1284651089422
activated,view,org.eclipse.ui.navigator.resources,3.4.200.I20100601-0800,"org.eclipse.ui.navigator.ProjectExplorer",1284651092542
deactivated,workbench,org.eclipse.ui.workbench,3.6.0.I20100603-1100,"",1284651106471
executed,command,org.eclipse.ui,3.6.0.I20100603-1100,"org.eclipse.ui.edit.paste",1284651157420
executed,command,org.eclipse.ui,3.6.0.I20100603-1100,"org.eclipse.ui.edit.paste",1284651163678
executed,command,org.eclipse.ui,3.6.0.I20100603-1100,"org.eclipse.ui.edit.paste",1284651194855
activated,workbench,org.eclipse.ui.workbench,3.6.0.I20100603-1100,"",1284651201659
executed,command,org.eclipse.ui,3.6.0.I20100603-1100,"org.eclipse.ui.file.properties",1284651201725
activated,view,org.eclipse.ui.console,3.5.0.v20100526,"org.eclipse.ui.console.ConsoleView",1284651207247
activated,view,org.eclipse.ui.ide,3.6.0.I20100601-0800,"org.eclipse.ui.views.ProblemView",1284651213796
activated,view,org.eclipse.ui.navigator.resources,3.4.200.I20100601-0800,"org.eclipse.ui.navigator.ProjectExplorer",1284651218210
activated,view,org.eclipse.ui.console,3.5.0.v20100526,"org.eclipse.ui.console.ConsoleView",1284651228596
activated,view,org.eclipse.ui.ide,3.6.0.I20100601-0800,"org.eclipse.ui.views.ProblemView",1284651230545
activated,view,org.eclipse.ui.navigator.resources,3.4.200.I20100601-0800,"org.eclipse.ui.navigator.ProjectExplorer",1284651233402
deactivated,workbench,org.eclipse.ui.workbench,3.6.0.I20100603-1100,"",1284651237021
opened,editor,org.eclipse.cdt.ui,5.2.0.201006141710,"org.eclipse.cdt.ui.editor.CEditor",1284651242413
activated,editor,org.eclipse.cdt.ui,5.2.0.201006141710,"org.eclipse.cdt.ui.editor.CEditor",1284651242485
activated,workbench,org.eclipse.ui.workbench,3.6.0.I20100603-1100,"",1284651242507
deactivated,workbench,org.eclipse.ui.workbench,3.6.0.I20100603-1100,"",1284651243362
activated,workbench,org.eclipse.ui.workbench,3.6.0.I20100603-1100,"",1284651245037
deactivated,workbench,org.eclipse.ui.workbench,3.6.0.I20100603-1100,"",1284651250391
activated,workbench,org.eclipse.ui.workbench,3.6.0.I20100603-1100,"",1284651260475
executed,command,org.eclipse.ui,3.6.0.I20100603-1100,"org.eclipse.ui.edit.paste",1284651262665
executed,command,org.eclipse.ui,3.6.0.I20100603-1100,"org.eclipse.ui.file.save",1284651263342
activated,view,org.eclipse.ui.navigator.resources,3.4.200.I20100601-0800,"org.eclipse.ui.navigator.ProjectExplorer",1284651264990
activated,view,org.eclipse.ui.console,3.5.0.v20100526,"org.eclipse.ui.console.ConsoleView",1284651270453
activated,view,org.eclipse.ui.navigator.resources,3.4.200.I20100601-0800,"org.eclipse.ui.navigator.ProjectExplorer",1284651272303
activated,view,org.eclipse.ui.console,3.5.0.v20100526,"org.eclipse.ui.console.ConsoleView",1284651282250
deactivated,workbench,org.eclipse.ui.workbench,3.6.0.I20100603-1100,"",1284651325842
activated,workbench,org.eclipse.ui.workbench,3.6.0.I20100603-1100,"",1284651402059
deactivated,workbench,org.eclipse.ui.workbench,3.6.0.I20100603-1100,"",1284651410863
activated,workbench,org.eclipse.ui.workbench,3.6.0.I20100603-1100,"",1284651412074
executed,command,de.innot.avreclipse.core,2.3.4.20100807PRD,"de.innot.avreclipse.commands.uploadproject",1284651412084
activated,view,org.eclipse.ui.navigator.resources,3.4.200.I20100601-0800,"org.eclipse.ui.navigator.ProjectExplorer",1284651412956
deactivated,workbench,org.eclipse.ui.workbench,3.6.0.I20100603-1100,"",1284651415318
activated,workbench,org.eclipse.ui.workbench,3.6.0.I20100603-1100,"",1284651446539
executed,command,org.eclipse.ui,3.6.0.I20100603-1100,"org.eclipse.ui.file.properties",1284651446575
activated,editor,org.eclipse.cdt.ui,5.2.0.201006141710,"org.eclipse.cdt.ui.editor.CEditor",1284651447871
activated,view,org.eclipse.ui.navigator.resources,3.4.200.I20100601-0800,"org.eclipse.ui.navigator.ProjectExplorer",1284651451540
deactivated,workbench,org.eclipse.ui.workbench,3.6.0.I20100603-1100,"",1284651462231
activated,workbench,org.eclipse.ui.workbench,3.6.0.I20100603-1100,"",1284651464100
deactivated,workbench,org.eclipse.ui.workbench,3.6.0.I20100603-1100,"",1284651470076
activated,workbench,org.eclipse.ui.workbench,3.6.0.I20100603-1100,"",1284651472995
executed,command,de.innot.avreclipse.core,2.3.4.20100807PRD,"de.innot.avreclipse.commands.uploadproject",1284651473013
deactivated,workbench,org.eclipse.ui.workbench,3.6.0.I20100603-1100,"",1284651478739
activated,workbench,org.eclipse.ui.workbench,3.6.0.I20100603-1100,"",1284651483318
executed,command,org.eclipse.ui,3.6.0.I20100603-1100,"org.eclipse.ui.file.properties",1284651483341
deactivated,workbench,org.eclipse.ui.workbench,3.6.0.I20100603-1100,"",1284651485428
activated,workbench,org.eclipse.ui.workbench,3.6.0.I20100603-1100,"",1284651490943
executed,command,de.innot.avreclipse.core,2.3.4.20100807PRD,"de.innot.avreclipse.commands.uploadproject",1284651490955
deactivated,workbench,org.eclipse.ui.workbench,3.6.0.I20100603-1100,"",1284651502610
activated,workbench,org.eclipse.ui.workbench,3.6.0.I20100603-1100,"",1284651509368
executed,command,de.innot.avreclipse.core,2.3.4.20100807PRD,"de.innot.avreclipse.commands.uploadproject",1284651509379
deactivated,workbench,org.eclipse.ui.workbench,3.6.0.I20100603-1100,"",1284651511863
started,bundle,org.eclipse.ui.externaltools,3.2.0.v20100427,"org.eclipse.ui.externaltools",1284651533407
started,bundle,org.eclipse.core.externaltools,1.0.0.v20100505,"org.eclipse.core.externaltools",1284651533463
activated,workbench,org.eclipse.ui.workbench,3.6.0.I20100603-1100,"",1284651603875
executed,command,org.eclipse.ui,3.6.0.I20100603-1100,"org.eclipse.ui.file.properties",1284651603974
activated,view,org.eclipse.ui.console,3.5.0.v20100526,"org.eclipse.ui.console.ConsoleView",1284651604445
activated,view,org.eclipse.ui.navigator.resources,3.4.200.I20100601-0800,"org.eclipse.ui.navigator.ProjectExplorer",1284651613667
deactivated,workbench,org.eclipse.ui.workbench,3.6.0.I20100603-1100,"",1284651615950
activated,workbench,org.eclipse.ui.workbench,3.6.0.I20100603-1100,"",1284651705211
executed,command,org.eclipse.ui,3.6.0.I20100603-1100,"org.eclipse.ui.file.properties",1284651705276
deactivated,workbench,org.eclipse.ui.workbench,3.6.0.I20100603-1100,"",1284651714155
activated,workbench,org.eclipse.ui.workbench,3.6.0.I20100603-1100,"",1284651715294
executed,command,de.innot.avreclipse.core,2.3.4.20100807PRD,"de.innot.avreclipse.commands.uploadproject",1284651715312
deactivated,workbench,org.eclipse.ui.workbench,3.6.0.I20100603-1100,"",1284651717692
activated,workbench,org.eclipse.ui.workbench,3.6.0.I20100603-1100,"",1284651797352
deactivated,workbench,org.eclipse.ui.workbench,3.6.0.I20100603-1100,"",1284651798386
activated,workbench,org.eclipse.ui.workbench,3.6.0.I20100603-1100,"",1284651798830
executed,command,org.eclipse.ui,3.6.0.I20100603-1100,"org.eclipse.ui.file.properties",1284651798886
activated,view,org.eclipse.ui.console,3.5.0.v20100526,"org.eclipse.ui.console.ConsoleView",1284651801571
activated,editor,org.eclipse.cdt.ui,5.2.0.201006141710,"org.eclipse.cdt.ui.editor.CEditor",1284651809081
activated,view,org.eclipse.ui.navigator.resources,3.4.200.I20100601-0800,"org.eclipse.ui.navigator.ProjectExplorer",1284651812538
activated,view,org.eclipse.ui.console,3.5.0.v20100526,"org.eclipse.ui.console.ConsoleView",1284651832967
activated,view,org.eclipse.ui.navigator.resources,3.4.200.I20100601-0800,"org.eclipse.ui.navigator.ProjectExplorer",1284651834021
deactivated,workbench,org.eclipse.ui.workbench,3.6.0.I20100603-1100,"",1284651860027
activated,workbench,org.eclipse.ui.workbench,3.6.0.I20100603-1100,"",1284651864652
activated,view,org.eclipse.ui.console,3.5.0.v20100526,"org.eclipse.ui.console.ConsoleView",1284651874973
activated,view,org.eclipse.ui.navigator.resources,3.4.200.I20100601-0800,"org.eclipse.ui.navigator.ProjectExplorer",1284651876436
deactivated,workbench,org.eclipse.ui.workbench,3.6.0.I20100603-1100,"",1284651880111
executed,command,org.eclipse.ui,3.6.0.I20100603-1100,"org.eclipse.ui.edit.paste",1284651972191
executed,command,org.eclipse.ui,3.6.0.I20100603-1100,"org.eclipse.ui.edit.paste",1284651978910
activated,workbench,org.eclipse.ui.workbench,3.6.0.I20100603-1100,"",1284652004618
executed,command,org.eclipse.ui,3.6.0.I20100603-1100,"org.eclipse.ui.file.properties",1284652004772
activated,view,org.eclipse.ui.ide,3.6.0.I20100601-0800,"org.eclipse.ui.views.ProblemView",1284652013618
activated,view,org.eclipse.ui.navigator.resources,3.4.200.I20100601-0800,"org.eclipse.ui.navigator.ProjectExplorer",1284652019849
deactivated,workbench,org.eclipse.ui.workbench,3.6.0.I20100603-1100,"",1284652025129
executed,command,org.eclipse.ui,3.6.0.I20100603-1100,"org.eclipse.ui.edit.paste",1284652056330
no handler,command,org.eclipse.ui,3.6.0.I20100603-1100,"org.eclipse.ui.edit.undo",1284652057235
executed,command,org.eclipse.ui,3.6.0.I20100603-1100,"org.eclipse.ui.edit.paste",1284652063258
executed,command,org.eclipse.ui,3.6.0.I20100603-1100,"org.eclipse.ui.edit.paste",1284652066166
executed,command,org.eclipse.ui,3.6.0.I20100603-1100,"org.eclipse.ui.edit.paste",1284652097971
activated,workbench,org.eclipse.ui.workbench,3.6.0.I20100603-1100,"",1284652099660
executed,command,org.eclipse.ui,3.6.0.I20100603-1100,"org.eclipse.ui.file.properties",1284652099726
activated,view,org.eclipse.ui.console,3.5.0.v20100526,"org.eclipse.ui.console.ConsoleView",1284652104759
deactivated,workbench,org.eclipse.ui.workbench,3.6.0.I20100603-1100,"",1284652119881
activated,workbench,org.eclipse.ui.workbench,3.6.0.I20100603-1100,"",1284652156276
activated,editor,org.eclipse.cdt.ui,5.2.0.201006141710,"org.eclipse.cdt.ui.editor.CEditor",1284652157434
activated,view,org.eclipse.ui.console,3.5.0.v20100526,"org.eclipse.ui.console.ConsoleView",1284652159994
activated,view,org.eclipse.ui.navigator.resources,3.4.200.I20100601-0800,"org.eclipse.ui.navigator.ProjectExplorer",1284652168971
closed,workbench,org.eclipse.ui.workbench,3.6.0.I20100603-1100,"",1284652180567
executed,command,org.eclipse.ui,3.6.0.I20100603-1100,"org.eclipse.ui.file.restartWorkbench",1284652180934
stopped,bundle,org.eclipse.cdt.debug.mi.ui,6.1.0.201006141710,"org.eclipse.cdt.debug.mi.ui",1284652180965
stopped,bundle,org.eclipse.cdt.debug.mi.core,7.0.0.201006141710,"org.eclipse.cdt.debug.mi.core",1284652180965
stopped,bundle,org.eclipse.cdt.debug.ui.memory.memorybrowser,1.2.0.201006141710,"org.eclipse.cdt.debug.ui.memory.memorybrowser",1284652180965
stopped,bundle,org.eclipse.cdt.debug.ui.memory.search,1.2.0.201006141710,"org.eclipse.cdt.debug.ui.memory.search",1284652180965
stopped,bundle,org.eclipse.cdt.dsf.gdb.ui,2.1.0.201006141710,"org.eclipse.cdt.dsf.gdb.ui",1284652180965
stopped,bundle,org.eclipse.cdt.dsf.ui,2.1.0.201006141710,"org.eclipse.cdt.dsf.ui",1284652180965
stopped,bundle,org.eclipse.cdt.gdb.ui,7.0.0.201006141710,"org.eclipse.cdt.gdb.ui",1284652180965
stopped,bundle,org.eclipse.cdt.dsf.gdb,3.0.0.201006141710,"org.eclipse.cdt.dsf.gdb",1284652180965
stopped,bundle,org.eclipse.cdt.launch,6.1.0.201006141710,"org.eclipse.cdt.launch",1284652180965
stopped,bundle,org.eclipse.cdt.debug.ui,7.0.0.201006141710,"org.eclipse.cdt.debug.ui",1284652180979
stopped,bundle,org.eclipse.cdt.debug.ui.memory.traditional,1.2.0.201006141710,"org.eclipse.cdt.debug.ui.memory.traditional",1284652180979
stopped,bundle,org.eclipse.cdt.dsf,2.1.0.201006141710,"org.eclipse.cdt.dsf",1284652180981
stopped,bundle,org.eclipse.cdt.debug.core,7.0.0.201006141710,"org.eclipse.cdt.debug.core",1284652180981
stopped,bundle,de.innot.avreclipse.core,2.3.4.20100807PRD,"de.innot.avreclipse.core",1284652180981
stopped,bundle,org.eclipse.cdt.managedbuilder.ui,7.0.0.201006141710,"org.eclipse.cdt.managedbuilder.ui",1284652180981
stopped,bundle,org.eclipse.cdt.make.ui,7.0.0.201006141710,"org.eclipse.cdt.make.ui",1284652180981
stopped,bundle,org.eclipse.cdt.managedbuilder.gnu.ui,7.0.0.201006141710,"org.eclipse.cdt.managedbuilder.gnu.ui",1284652180981
stopped,bundle,org.eclipse.cdt.managedbuilder.core,7.0.0.201006141710,"org.eclipse.cdt.managedbuilder.core",1284652180981
stopped,bundle,org.eclipse.cdt.make.core,7.0.0.201006141710,"org.eclipse.cdt.make.core",1284652180981
stopped,bundle,org.eclipse.cdt.mylyn.ui,1.1.2.v20100608-0100-e3x,"org.eclipse.cdt.mylyn.ui",1284652181063
stopped,bundle,org.eclipse.cdt.ui,5.2.0.201006141710,"org.eclipse.cdt.ui",1284652181069
stopped,bundle,org.eclipse.cdt.core,5.2.0.201006141710,"org.eclipse.cdt.core",1284652181072
stopped,bundle,org.eclipse.compare.win32,1.0.100.I20100505-1245,"org.eclipse.compare.win32",1284652181072
stopped,bundle,org.eclipse.equinox.p2.ui.sdk,1.0.100.v20100513,"org.eclipse.equinox.p2.ui.sdk",1284652181073
stopped,bundle,org.eclipse.search,3.6.0.v20100520-0800,"org.eclipse.search",1284652181103
stopped,bundle,org.eclipse.mylyn.team.ui,3.4.0.v20100608-0100-e3x,"org.eclipse.mylyn.team.ui",1284652181103
stopped,bundle,org.eclipse.ui.navigator.resources,3.4.200.I20100601-0800,"org.eclipse.ui.navigator.resources",1284652181103
stopped,bundle,org.eclipse.ltk.ui.refactoring,3.5.0.v20100526-0800,"org.eclipse.ltk.ui.refactoring",1284652181103
stopped,bundle,org.eclipse.mylyn.bugzilla.ui,3.4.0.v20100608-0100-e3x,"org.eclipse.mylyn.bugzilla.ui",1284652181104
stopped,bundle,org.eclipse.mylyn.ide.ui,3.4.0.v20100608-0100-e3x,"org.eclipse.mylyn.ide.ui",1284652181104
stopped,bundle,org.eclipse.mylyn.resources.ui,3.4.0.v20100608-0100-e3x,"org.eclipse.mylyn.resources.ui",1284652181104
stopped,bundle,org.eclipse.mylyn.wikitext.tasks.ui,1.3.0.v20100608-0100-e3x,"org.eclipse.mylyn.wikitext.tasks.ui",1284652181104
stopped,bundle,org.eclipse.mylyn.context.ui,3.4.0.v20100608-0100-e3x,"org.eclipse.mylyn.context.ui",1284652181105
stopped,bundle,org.eclipse.mylyn.help.ui,3.4.0.v20100608-0100-e3x,"org.eclipse.mylyn.help.ui",1284652181105
stopped,bundle,org.eclipse.mylyn.tasks.bugs,3.4.0.v20100608-0100-e3x,"org.eclipse.mylyn.tasks.bugs",1284652181105
stopped,bundle,org.eclipse.mylyn.tasks.ui,3.4.0.v20100608-0100-e3x,"org.eclipse.mylyn.tasks.ui",1284652181105
stopped,bundle,org.eclipse.team.cvs.ui,3.3.300.I20100526-0800,"org.eclipse.team.cvs.ui",1284652181107
stopped,bundle,org.eclipse.team.ui,3.5.100.I20100527-0800,"org.eclipse.team.ui",1284652181107
stopped,bundle,org.eclipse.compare,3.5.100.I20100526-0800,"org.eclipse.compare",1284652181107
stopped,bundle,org.eclipse.cdt.debug.ui.memory.transport,2.1.0.201006141710,"org.eclipse.cdt.debug.ui.memory.transport",1284652181107
stopped,bundle,org.eclipse.ui.externaltools,3.2.0.v20100427,"org.eclipse.ui.externaltools",1284652181109
stopped,bundle,org.eclipse.debug.ui,3.6.0.v20100601-1530,"org.eclipse.debug.ui",1284652181149
stopped,bundle,org.eclipse.mylyn.wikitext.ui,1.3.0.v20100608-0100-e3x,"org.eclipse.mylyn.wikitext.ui",1284652181149
stopped,bundle,org.eclipse.ui.console,3.5.0.v20100526,"org.eclipse.ui.console",1284652181149
stopped,bundle,org.eclipse.mylyn.commons.ui,3.4.0.v20100608-0100-e3x,"org.eclipse.mylyn.commons.ui",1284652181149
stopped,bundle,org.eclipse.ui.editors,3.6.0.v20100520-0800,"org.eclipse.ui.editors",1284652181150
stopped,bundle,org.eclipse.ui.workbench.texteditor,3.6.0.v20100520-0800,"org.eclipse.ui.workbench.texteditor",1284652181150
stopped,bundle,org.eclipse.compare.core,3.5.100.I20100526-0800,"org.eclipse.compare.core",1284652181150
